"message","date_time"
"Cannot fetch user payment details","03/04/2025 12:14:07"
"Database Connection Error: payments is not iterable","03/04/2025 12:14:07"
"Cannot fetch user payment details","03/04/2025 15:00:03"
"Database Connection Error: payments is not iterable","03/04/2025 15:00:03"
"Cannot fetch user payment details","03/04/2025 21:00:03"
"Database Connection Error: payments is not iterable","03/04/2025 21:00:03"
"Cannot fetch user payment details","04/04/2025 03:00:03"
"Database Connection Error: payments is not iterable","04/04/2025 03:00:03"
"Cannot fetch user payment details","04/04/2025 06:00:03"
"Database Connection Error: payments is not iterable","04/04/2025 06:00:03"
"Cannot fetch user payment details","04/04/2025 09:00:03"
"Database Connection Error: payments is not iterable","04/04/2025 09:00:03"
"Cannot fetch user payment details","04/04/2025 12:00:03"
"Database Connection Error: payments is not iterable","04/04/2025 12:00:03"
"Cannot fetch user payment details","04/04/2025 18:00:03"
"Database Connection Error: payments is not iterable","04/04/2025 18:00:03"
"Cannot fetch user payment details","04/04/2025 21:00:03"
"Database Connection Error: payments is not iterable","04/04/2025 21:00:03"
"Cannot fetch user payment details","05/04/2025 00:00:03"
"Database Connection Error: payments is not iterable","05/04/2025 00:00:03"
"Cannot fetch user payment details","05/04/2025 09:00:03"
"Database Connection Error: payments is not iterable","05/04/2025 09:00:03"
"Cannot fetch user payment details","05/04/2025 12:00:03"
"Database Connection Error: payments is not iterable","05/04/2025 12:00:03"
"Cannot fetch user payment details","05/04/2025 15:00:03"
"Database Connection Error: payments is not iterable","05/04/2025 15:00:03"
"Cannot fetch user payment details","05/04/2025 18:00:03"
"Database Connection Error: payments is not iterable","05/04/2025 18:00:03"
"Cannot fetch user payment details","05/04/2025 21:00:03"
"Database Connection Error: payments is not iterable","05/04/2025 21:00:03"
"Cannot fetch user payment details","06/04/2025 03:00:03"
"Database Connection Error: payments is not iterable","06/04/2025 03:00:03"
"Cannot fetch user payment details","06/04/2025 06:00:03"
"Database Connection Error: payments is not iterable","06/04/2025 06:00:03"
"Cannot fetch user payment details","06/04/2025 09:00:03"
"Database Connection Error: payments is not iterable","06/04/2025 09:00:03"
"Cannot fetch user payment details","06/04/2025 12:00:03"
"Database Connection Error: payments is not iterable","06/04/2025 12:00:03"
"Cannot fetch user payment details","06/04/2025 15:00:03"
"Database Connection Error: payments is not iterable","06/04/2025 15:00:03"
"Cannot fetch user payment details","06/04/2025 18:00:03"
"Database Connection Error: payments is not iterable","06/04/2025 18:00:03"
"Cannot fetch user payment details","06/04/2025 21:00:03"
"Database Connection Error: payments is not iterable","06/04/2025 21:00:03"
"Cannot fetch user payment details","07/04/2025 03:00:03"
"Database Connection Error: payments is not iterable","07/04/2025 03:00:03"
"Cannot fetch user payment details","07/04/2025 06:00:03"
"Database Connection Error: payments is not iterable","07/04/2025 06:00:03"
"Cannot fetch user payment details","07/04/2025 09:00:03"
"Database Connection Error: payments is not iterable","07/04/2025 09:00:03"
"Cannot fetch user payment details","07/04/2025 12:00:03"
"Database Connection Error: payments is not iterable","07/04/2025 12:00:03"
"Cannot fetch user payment details","07/04/2025 15:00:02"
"Database Connection Error: payments is not iterable","07/04/2025 15:00:02"
"Cannot fetch user payment details","07/04/2025 18:00:03"
"Database Connection Error: payments is not iterable","07/04/2025 18:00:03"
"Cannot fetch user payment details","07/04/2025 21:00:03"
"Database Connection Error: payments is not iterable","07/04/2025 21:00:03"
"Cannot fetch user payment details","08/04/2025 03:00:03"
"Database Connection Error: payments is not iterable","08/04/2025 03:00:03"
"Cannot fetch user payment details","08/04/2025 06:00:03"
"Database Connection Error: payments is not iterable","08/04/2025 06:00:03"
"Cannot fetch user payment details","08/04/2025 09:00:04"
"Database Connection Error: payments is not iterable","08/04/2025 09:00:04"
"Cannot fetch user payment details","08/04/2025 12:00:03"
"Database Connection Error: payments is not iterable","08/04/2025 12:00:03"
"Cannot fetch user payment details","08/04/2025 15:00:03"
"Database Connection Error: payments is not iterable","08/04/2025 15:00:03"
"Cannot fetch user payment details","08/04/2025 18:00:03"
"Database Connection Error: payments is not iterable","08/04/2025 18:00:03"
"Cannot fetch user payment details","08/04/2025 21:00:04"
"Database Connection Error: payments is not iterable","08/04/2025 21:00:04"
"Database Connection Error: Failed to connect to 124.43.16.80:1433 in 15000ms","09/04/2025 03:00:15"
"Database Connection Error: Failed to connect to 124.43.16.80:1433 in 15000ms","09/04/2025 06:00:15"
"Cannot fetch user payment details","09/04/2025 09:00:04"
"Database Connection Error: payments is not iterable","09/04/2025 09:00:04"
"Cannot fetch user payment details","09/04/2025 12:00:03"
"Database Connection Error: payments is not iterable","09/04/2025 12:00:03"
"Cannot fetch user payment details","09/04/2025 15:00:03"
"Database Connection Error: payments is not iterable","09/04/2025 15:00:03"
"Cannot fetch user payment details","09/04/2025 18:00:03"
"Database Connection Error: payments is not iterable","09/04/2025 18:00:03"
"Cannot fetch user payment details","09/04/2025 21:00:03"
"Database Connection Error: payments is not iterable","09/04/2025 21:00:03"
"Cannot fetch user payment details","10/04/2025 03:00:03"
"Database Connection Error: payments is not iterable","10/04/2025 03:00:03"
"Cannot fetch user payment details","10/04/2025 06:00:03"
"Database Connection Error: payments is not iterable","10/04/2025 06:00:03"
"Cannot fetch user payment details","10/04/2025 09:00:03"
"Database Connection Error: payments is not iterable","10/04/2025 09:00:03"
"Cannot fetch user payment details","10/04/2025 12:00:04"
"Database Connection Error: payments is not iterable","10/04/2025 12:00:04"
"Cannot fetch user payment details","10/04/2025 15:00:03"
"Database Connection Error: payments is not iterable","10/04/2025 15:00:03"
"Cannot fetch user payment details","10/04/2025 18:00:03"
"Database Connection Error: payments is not iterable","10/04/2025 18:00:03"
"Cannot fetch user payment details","10/04/2025 21:00:07"
"Database Connection Error: payments is not iterable","10/04/2025 21:00:07"
"Cannot fetch user payment details","11/04/2025 03:00:08"
"Database Connection Error: payments is not iterable","11/04/2025 03:00:08"
"Cannot fetch user payment details","11/04/2025 06:00:09"
"Database Connection Error: payments is not iterable","11/04/2025 06:00:09"
"Cannot fetch user payment details","11/04/2025 09:00:08"
"Database Connection Error: payments is not iterable","11/04/2025 09:00:08"
"Cannot fetch user payment details","11/04/2025 12:00:03"
"Database Connection Error: payments is not iterable","11/04/2025 12:00:03"
"Cannot fetch user payment details","11/04/2025 15:00:03"
"Database Connection Error: payments is not iterable","11/04/2025 15:00:03"
"Cannot fetch user payment details","11/04/2025 18:00:02"
"Database Connection Error: payments is not iterable","11/04/2025 18:00:02"
"Cannot fetch user payment details","11/04/2025 21:00:05"
"Database Connection Error: payments is not iterable","11/04/2025 21:00:05"
"Cannot fetch user payment details","12/04/2025 03:00:05"
"Database Connection Error: payments is not iterable","12/04/2025 03:00:05"
"Cannot fetch user payment details","12/04/2025 06:00:11"
"Database Connection Error: payments is not iterable","12/04/2025 06:00:11"
"Cannot fetch user payment details","12/04/2025 09:00:03"
"Database Connection Error: payments is not iterable","12/04/2025 09:00:03"
"Cannot fetch user payment details","12/04/2025 12:00:06"
"Database Connection Error: payments is not iterable","12/04/2025 12:00:06"
"Cannot fetch user payment details","12/04/2025 15:00:06"
"Database Connection Error: payments is not iterable","12/04/2025 15:00:06"
"Cannot fetch user payment details","12/04/2025 18:00:03"
"Database Connection Error: payments is not iterable","12/04/2025 18:00:03"
"Cannot fetch user payment details","12/04/2025 21:00:03"
"Database Connection Error: payments is not iterable","12/04/2025 21:00:03"
"Cannot fetch user payment details","13/04/2025 03:00:06"
"Database Connection Error: payments is not iterable","13/04/2025 03:00:06"
"Cannot fetch user payment details","13/04/2025 06:00:08"
"Database Connection Error: payments is not iterable","13/04/2025 06:00:08"
"Cannot fetch user payment details","13/04/2025 09:00:09"
"Database Connection Error: payments is not iterable","13/04/2025 09:00:09"
"Cannot fetch user payment details","13/04/2025 12:00:06"
"Database Connection Error: payments is not iterable","13/04/2025 12:00:06"
"Cannot fetch user payment details","13/04/2025 15:00:06"
"Database Connection Error: payments is not iterable","13/04/2025 15:00:06"
"Cannot fetch user payment details","13/04/2025 18:00:06"
"Database Connection Error: payments is not iterable","13/04/2025 18:00:06"
"Cannot fetch user payment details","14/04/2025 00:00:05"
"Database Connection Error: payments is not iterable","14/04/2025 00:00:05"
"Cannot fetch user payment details","14/04/2025 03:00:05"
"Database Connection Error: payments is not iterable","14/04/2025 03:00:05"
"Cannot fetch user payment details","14/04/2025 06:00:03"
"Database Connection Error: payments is not iterable","14/04/2025 06:00:03"
"Cannot fetch user payment details","14/04/2025 09:00:06"
"Database Connection Error: payments is not iterable","14/04/2025 09:00:06"
"Cannot fetch user payment details","14/04/2025 12:00:05"
"Database Connection Error: payments is not iterable","14/04/2025 12:00:05"
"Cannot fetch user payment details","14/04/2025 15:00:06"
"Database Connection Error: payments is not iterable","14/04/2025 15:00:06"
"Cannot fetch user payment details","14/04/2025 18:00:06"
"Database Connection Error: payments is not iterable","14/04/2025 18:00:06"
"Cannot fetch user payment details","14/04/2025 21:00:03"
"Database Connection Error: payments is not iterable","14/04/2025 21:00:03"
"Database Connection Error: Failed to connect to 124.43.16.80:1433 in 15000ms","15/04/2025 00:00:15"
"Database Connection Error: Failed to connect to 124.43.16.80:1433 in 15000ms","15/04/2025 03:00:15"
"Database Connection Error: Failed to connect to 124.43.16.80:1433 in 15000ms","15/04/2025 06:00:15"
"Database Connection Error: Failed to connect to 124.43.16.80:1433 in 15000ms","15/04/2025 09:00:15"
"Cannot fetch user payment details","15/04/2025 12:00:03"
"Database Connection Error: payments is not iterable","15/04/2025 12:00:03"
"Cannot fetch user payment details","15/04/2025 15:00:03"
"Database Connection Error: payments is not iterable","15/04/2025 15:00:03"
"Cannot fetch user payment details","15/04/2025 18:00:03"
"Database Connection Error: payments is not iterable","15/04/2025 18:00:03"
"Cannot fetch user payment details","15/04/2025 21:00:03"
"Database Connection Error: payments is not iterable","15/04/2025 21:00:03"
"Cannot fetch user payment details","16/04/2025 03:00:03"
"Database Connection Error: payments is not iterable","16/04/2025 03:00:03"
"Cannot fetch user payment details","16/04/2025 06:00:03"
"Database Connection Error: payments is not iterable","16/04/2025 06:00:03"
"Cannot fetch user payment details","16/04/2025 09:00:03"
"Database Connection Error: payments is not iterable","16/04/2025 09:00:03"
"Cannot fetch user payment details","16/04/2025 12:00:02"
"Database Connection Error: payments is not iterable","16/04/2025 12:00:02"
"Cannot fetch user payment details","16/04/2025 15:00:04"
"Database Connection Error: payments is not iterable","16/04/2025 15:00:04"
"Cannot fetch user payment details","16/04/2025 18:00:03"
"Database Connection Error: payments is not iterable","16/04/2025 18:00:03"
"Cannot fetch user payment details","16/04/2025 21:00:03"
"Database Connection Error: payments is not iterable","16/04/2025 21:00:03"
"Cannot fetch user payment details","17/04/2025 03:00:03"
"Database Connection Error: payments is not iterable","17/04/2025 03:00:03"
"Cannot fetch user payment details","17/04/2025 06:00:03"
"Database Connection Error: payments is not iterable","17/04/2025 06:00:03"
"Cannot fetch user payment details","17/04/2025 09:00:03"
"Database Connection Error: payments is not iterable","17/04/2025 09:00:03"
"Cannot fetch user payment details","17/04/2025 12:00:03"
"Database Connection Error: payments is not iterable","17/04/2025 12:00:03"
"Cannot fetch user payment details","17/04/2025 15:00:03"
"Database Connection Error: payments is not iterable","17/04/2025 15:00:03"
"Cannot fetch user payment details","17/04/2025 18:00:03"
"Database Connection Error: payments is not iterable","17/04/2025 18:00:03"
"Cannot fetch user payment details","17/04/2025 21:00:03"
"Database Connection Error: payments is not iterable","17/04/2025 21:00:03"
"Cannot fetch user payment details","18/04/2025 03:00:03"
"Database Connection Error: payments is not iterable","18/04/2025 03:00:03"
"Cannot fetch user payment details","18/04/2025 06:00:04"
"Database Connection Error: payments is not iterable","18/04/2025 06:00:04"
"Cannot fetch user payment details","18/04/2025 09:00:03"
"Database Connection Error: payments is not iterable","18/04/2025 09:00:03"
"Cannot fetch user payment details","18/04/2025 12:00:03"
"Database Connection Error: payments is not iterable","18/04/2025 12:00:03"
"Cannot fetch user payment details","18/04/2025 15:00:03"
"Database Connection Error: payments is not iterable","18/04/2025 15:00:03"
"Cannot fetch user payment details","18/04/2025 18:00:03"
"Database Connection Error: payments is not iterable","18/04/2025 18:00:03"
"Cannot fetch user payment details","18/04/2025 21:00:03"
"Database Connection Error: payments is not iterable","18/04/2025 21:00:03"
"Cannot fetch user payment details","19/04/2025 03:00:03"
"Database Connection Error: payments is not iterable","19/04/2025 03:00:03"
"Cannot fetch user payment details","19/04/2025 06:00:03"
"Database Connection Error: payments is not iterable","19/04/2025 06:00:03"
"Cannot fetch user payment details","19/04/2025 09:00:05"
"Database Connection Error: payments is not iterable","19/04/2025 09:00:05"
"Cannot fetch user payment details","19/04/2025 12:00:04"
"Database Connection Error: payments is not iterable","19/04/2025 12:00:04"
"Cannot fetch user payment details","19/04/2025 15:00:03"
"Database Connection Error: payments is not iterable","19/04/2025 15:00:03"
"Cannot fetch user payment details","19/04/2025 18:00:03"
"Database Connection Error: payments is not iterable","19/04/2025 18:00:03"
"Cannot fetch user payment details","19/04/2025 21:00:03"
"Database Connection Error: payments is not iterable","19/04/2025 21:00:03"
"Cannot fetch user payment details","20/04/2025 03:00:03"
"Database Connection Error: payments is not iterable","20/04/2025 03:00:03"
"Cannot fetch user payment details","20/04/2025 06:00:05"
"Database Connection Error: payments is not iterable","20/04/2025 06:00:05"
"Cannot fetch user payment details","20/04/2025 09:00:06"
"Database Connection Error: payments is not iterable","20/04/2025 09:00:06"
"Cannot fetch user payment details","20/04/2025 12:00:04"
"Database Connection Error: payments is not iterable","20/04/2025 12:00:04"
"Cannot fetch user payment details","20/04/2025 15:00:03"
"Database Connection Error: payments is not iterable","20/04/2025 15:00:03"
"Cannot fetch user payment details","20/04/2025 18:00:03"
"Database Connection Error: payments is not iterable","20/04/2025 18:00:03"
"Cannot fetch user payment details","20/04/2025 21:00:04"
"Database Connection Error: payments is not iterable","20/04/2025 21:00:04"
"Database Connection Error: Failed to connect to 124.43.16.80:1433 in 15000ms","21/04/2025 03:00:15"
"Database Connection Error: Failed to connect to 124.43.16.80:1433 in 15000ms","21/04/2025 06:00:15"
"Cannot fetch user payment details","21/04/2025 09:00:03"
"Database Connection Error: payments is not iterable","21/04/2025 09:00:03"
"Cannot fetch user payment details","21/04/2025 12:00:03"
"Database Connection Error: payments is not iterable","21/04/2025 12:00:03"
"Cannot fetch user payment details","21/04/2025 15:00:08"
"Database Connection Error: payments is not iterable","21/04/2025 15:00:08"
"Cannot fetch user payment details","21/04/2025 18:00:03"
"Database Connection Error: payments is not iterable","21/04/2025 18:00:03"
"Cannot fetch user payment details","21/04/2025 21:00:05"
"Database Connection Error: payments is not iterable","21/04/2025 21:00:05"
"Cannot fetch user payment details","22/04/2025 03:00:02"
"Database Connection Error: payments is not iterable","22/04/2025 03:00:02"
"Cannot fetch user payment details","22/04/2025 06:00:03"
"Database Connection Error: payments is not iterable","22/04/2025 06:00:03"
"Cannot fetch user payment details","22/04/2025 09:00:03"
"Database Connection Error: payments is not iterable","22/04/2025 09:00:03"
"Cannot fetch user payment details","22/04/2025 12:00:03"
"Database Connection Error: payments is not iterable","22/04/2025 12:00:03"
"Cannot fetch user payment details","22/04/2025 15:00:04"
"Database Connection Error: payments is not iterable","22/04/2025 15:00:04"
"Cannot fetch user payment details","22/04/2025 18:00:03"
"Database Connection Error: payments is not iterable","22/04/2025 18:00:03"
"Cannot fetch user payment details","22/04/2025 21:00:03"
"Database Connection Error: payments is not iterable","22/04/2025 21:00:03"
"Cannot fetch user payment details","23/04/2025 03:00:03"
"Database Connection Error: payments is not iterable","23/04/2025 03:00:03"
"Cannot fetch user payment details","23/04/2025 06:00:03"
"Database Connection Error: payments is not iterable","23/04/2025 06:00:03"
"Cannot fetch user payment details","23/04/2025 09:00:03"
"Database Connection Error: payments is not iterable","23/04/2025 09:00:03"
"Cannot fetch user payment details","23/04/2025 12:00:03"
"Database Connection Error: payments is not iterable","23/04/2025 12:00:03"
"Cannot fetch user payment details","23/04/2025 15:00:05"
"Database Connection Error: payments is not iterable","23/04/2025 15:00:05"
"Cannot fetch user payment details","23/04/2025 18:00:03"
"Database Connection Error: payments is not iterable","23/04/2025 18:00:03"
"Cannot fetch user payment details","23/04/2025 21:00:03"
"Database Connection Error: payments is not iterable","23/04/2025 21:00:03"
"Cannot fetch user payment details","24/04/2025 03:00:03"
"Database Connection Error: payments is not iterable","24/04/2025 03:00:03"
"Cannot fetch user payment details","24/04/2025 06:00:03"
"Database Connection Error: payments is not iterable","24/04/2025 06:00:03"
"Cannot fetch user payment details","24/04/2025 09:00:03"
"Database Connection Error: payments is not iterable","24/04/2025 09:00:03"
"Cannot fetch user payment details","24/04/2025 12:00:03"
"Database Connection Error: payments is not iterable","24/04/2025 12:00:03"
"Cannot fetch user payment details","24/04/2025 15:00:04"
"Database Connection Error: payments is not iterable","24/04/2025 15:00:04"
"Cannot fetch user payment details","29/04/2025 15:00:03"
"Database Connection Error: payments is not iterable","29/04/2025 15:00:03"
"Cannot fetch user payment details","29/04/2025 18:00:03"
"Database Connection Error: payments is not iterable","29/04/2025 18:00:03"
"Cannot fetch user payment details","29/04/2025 21:00:03"
"Database Connection Error: payments is not iterable","29/04/2025 21:00:03"
"Database Connection Error: Failed to connect to 124.43.16.80:1433 in 15000ms","30/04/2025 00:00:15"
"Database Connection Error: Failed to connect to 124.43.16.80:1433 in 15000ms","30/04/2025 03:00:15"
"Database Connection Error: Failed to connect to 124.43.16.80:1433 in 15000ms","30/04/2025 06:00:15"
"Cannot fetch user payment details","30/04/2025 09:00:03"
"Database Connection Error: payments is not iterable","30/04/2025 09:00:03"
"Cannot fetch user payment details","30/04/2025 15:00:03"
"Database Connection Error: payments is not iterable","30/04/2025 15:00:03"
"Cannot fetch user payment details","30/04/2025 18:00:03"
"Database Connection Error: payments is not iterable","30/04/2025 18:00:03"
"Cannot fetch user payment details","30/04/2025 21:00:03"
"Database Connection Error: payments is not iterable","30/04/2025 21:00:03"
"Cannot fetch user payment details","01/05/2025 03:00:03"
"Database Connection Error: payments is not iterable","01/05/2025 03:00:03"
"Cannot fetch user payment details","01/05/2025 06:00:04"
"Database Connection Error: payments is not iterable","01/05/2025 06:00:04"
"Cannot fetch user payment details","01/05/2025 09:00:03"
"Database Connection Error: payments is not iterable","01/05/2025 09:00:03"
"Cannot fetch user payment details","01/05/2025 12:00:03"
"Database Connection Error: payments is not iterable","01/05/2025 12:00:03"
"Cannot fetch user payment details","01/05/2025 15:00:02"
"Database Connection Error: payments is not iterable","01/05/2025 15:00:02"
"Cannot fetch user payment details","01/05/2025 18:00:03"
"Database Connection Error: payments is not iterable","01/05/2025 18:00:03"
"Cannot fetch user payment details","02/05/2025 00:00:03"
"Database Connection Error: payments is not iterable","02/05/2025 00:00:03"
"Cannot fetch user payment details","02/05/2025 03:00:02"
"Database Connection Error: payments is not iterable","02/05/2025 03:00:02"
"Cannot fetch user payment details","02/05/2025 06:00:03"
"Database Connection Error: payments is not iterable","02/05/2025 06:00:03"
"Cannot fetch user payment details","02/05/2025 09:00:03"
"Database Connection Error: payments is not iterable","02/05/2025 09:00:03"
"Cannot fetch user payment details","02/05/2025 12:00:03"
"Database Connection Error: payments is not iterable","02/05/2025 12:00:03"
"Cannot fetch user payment details","02/05/2025 15:00:03"
"Database Connection Error: payments is not iterable","02/05/2025 15:00:03"
"Cannot fetch user payment details","02/05/2025 18:00:03"
"Database Connection Error: payments is not iterable","02/05/2025 18:00:03"
"Cannot fetch user payment details","02/05/2025 21:00:03"
"Database Connection Error: payments is not iterable","02/05/2025 21:00:03"
"Cannot fetch user payment details","03/05/2025 03:00:03"
"Database Connection Error: payments is not iterable","03/05/2025 03:00:03"
"Cannot fetch user payment details","03/05/2025 06:00:03"
"Database Connection Error: payments is not iterable","03/05/2025 06:00:03"
"Cannot fetch user payment details","03/05/2025 09:00:03"
"Database Connection Error: payments is not iterable","03/05/2025 09:00:03"
"Cannot fetch user payment details","03/05/2025 12:00:03"
"Database Connection Error: payments is not iterable","03/05/2025 12:00:03"
"Cannot fetch user payment details","03/05/2025 15:00:02"
"Database Connection Error: payments is not iterable","03/05/2025 15:00:02"
"Cannot fetch user payment details","03/05/2025 18:00:03"
"Database Connection Error: payments is not iterable","03/05/2025 18:00:03"
"Cannot fetch user payment details","03/05/2025 21:00:03"
"Database Connection Error: payments is not iterable","03/05/2025 21:00:03"
"Cannot fetch user payment details","04/05/2025 03:00:03"
"Database Connection Error: payments is not iterable","04/05/2025 03:00:03"
"Cannot fetch user payment details","04/05/2025 06:00:03"
"Database Connection Error: payments is not iterable","04/05/2025 06:00:03"
"Cannot fetch user payment details","04/05/2025 09:00:03"
"Database Connection Error: payments is not iterable","04/05/2025 09:00:03"
"Cannot fetch user payment details","04/05/2025 12:00:03"
"Database Connection Error: payments is not iterable","04/05/2025 12:00:03"
"Cannot fetch user payment details","04/05/2025 15:00:03"
"Database Connection Error: payments is not iterable","04/05/2025 15:00:03"
"Cannot fetch user payment details","04/05/2025 18:00:03"
"Database Connection Error: payments is not iterable","04/05/2025 18:00:03"
"Cannot fetch user payment details","04/05/2025 21:00:03"
"Database Connection Error: payments is not iterable","04/05/2025 21:00:03"
"Cannot fetch user payment details","05/05/2025 03:00:03"
"Database Connection Error: payments is not iterable","05/05/2025 03:00:03"
"Cannot fetch user payment details","05/05/2025 06:00:03"
"Database Connection Error: payments is not iterable","05/05/2025 06:00:03"
"Cannot fetch user payment details","05/05/2025 09:00:03"
"Database Connection Error: payments is not iterable","05/05/2025 09:00:03"
"Cannot fetch user payment details","05/05/2025 12:00:03"
"Database Connection Error: payments is not iterable","05/05/2025 12:00:03"
"Cannot fetch user payment details","05/05/2025 15:00:03"
"Database Connection Error: payments is not iterable","05/05/2025 15:00:03"
"Cannot fetch user payment details","05/05/2025 18:00:03"
"Database Connection Error: payments is not iterable","05/05/2025 18:00:03"
"Cannot fetch user payment details","05/05/2025 21:00:03"
"Database Connection Error: payments is not iterable","05/05/2025 21:00:03"
"Database Connection Error: Failed to connect to 124.43.16.80:1433 in 15000ms","06/05/2025 00:00:15"
"Database Connection Error: Failed to connect to 124.43.16.80:1433 in 15000ms","06/05/2025 03:00:15"
"Database Connection Error: Failed to connect to 124.43.16.80:1433 in 15000ms","06/05/2025 06:00:15"
"Cannot fetch user payment details","06/05/2025 09:00:04"
"Database Connection Error: payments is not iterable","06/05/2025 09:00:04"
"Cannot fetch user payment details","06/05/2025 15:00:03"
"Database Connection Error: payments is not iterable","06/05/2025 15:00:03"
"Cannot fetch user payment details","06/05/2025 18:00:02"
"Database Connection Error: payments is not iterable","06/05/2025 18:00:02"
"Cannot fetch user payment details","06/05/2025 21:00:03"
"Database Connection Error: payments is not iterable","06/05/2025 21:00:03"
"Cannot fetch user payment details","07/05/2025 03:00:03"
"Database Connection Error: payments is not iterable","07/05/2025 03:00:03"
"Cannot fetch user payment details","07/05/2025 06:00:03"
"Database Connection Error: payments is not iterable","07/05/2025 06:00:03"
"Cannot fetch user payment details","07/05/2025 09:00:03"
"Database Connection Error: payments is not iterable","07/05/2025 09:00:03"
"Cannot fetch user payment details","07/05/2025 12:00:03"
"Database Connection Error: payments is not iterable","07/05/2025 12:00:03"
"Cannot fetch user payment details","07/05/2025 15:00:04"
"Database Connection Error: payments is not iterable","07/05/2025 15:00:04"
"Cannot fetch user payment details","07/05/2025 18:00:03"
"Database Connection Error: payments is not iterable","07/05/2025 18:00:03"
"Cannot fetch user payment details","07/05/2025 21:00:03"
"Database Connection Error: payments is not iterable","07/05/2025 21:00:03"
"Cannot fetch user payment details","08/05/2025 00:00:03"
"Database Connection Error: payments is not iterable","08/05/2025 00:00:03"
"Cannot fetch user payment details","08/05/2025 03:00:03"
"Database Connection Error: payments is not iterable","08/05/2025 03:00:03"
"Cannot fetch user payment details","08/05/2025 06:00:03"
"Database Connection Error: payments is not iterable","08/05/2025 06:00:03"
"Cannot fetch user payment details","08/05/2025 09:00:03"
"Database Connection Error: payments is not iterable","08/05/2025 09:00:03"
"Cannot fetch user payment details","08/05/2025 15:00:02"
"Database Connection Error: payments is not iterable","08/05/2025 15:00:02"
"Cannot fetch user payment details","08/05/2025 18:00:03"
"Database Connection Error: payments is not iterable","08/05/2025 18:00:03"
"Cannot fetch user payment details","08/05/2025 21:00:03"
"Database Connection Error: payments is not iterable","08/05/2025 21:00:03"
"Cannot fetch user payment details","09/05/2025 00:00:03"
"Database Connection Error: payments is not iterable","09/05/2025 00:00:03"
"Cannot fetch user payment details","09/05/2025 03:00:02"
"Database Connection Error: payments is not iterable","09/05/2025 03:00:02"
"Cannot fetch user payment details","09/05/2025 06:00:03"
"Database Connection Error: payments is not iterable","09/05/2025 06:00:03"
"Cannot fetch user payment details","09/05/2025 12:00:03"
"Database Connection Error: payments is not iterable","09/05/2025 12:00:03"
"Cannot fetch user payment details","09/05/2025 15:00:03"
"Database Connection Error: payments is not iterable","09/05/2025 15:00:03"
"Cannot fetch user payment details","09/05/2025 18:00:03"
"Database Connection Error: payments is not iterable","09/05/2025 18:00:03"
"Cannot fetch user payment details","09/05/2025 21:00:03"
"Database Connection Error: payments is not iterable","09/05/2025 21:00:03"
"Cannot fetch user payment details","10/05/2025 00:00:03"
"Database Connection Error: payments is not iterable","10/05/2025 00:00:03"
"Cannot fetch user payment details","10/05/2025 03:00:03"
"Database Connection Error: payments is not iterable","10/05/2025 03:00:03"
"Cannot fetch user payment details","10/05/2025 06:00:03"
"Database Connection Error: payments is not iterable","10/05/2025 06:00:03"
"Cannot fetch user payment details","10/05/2025 09:00:03"
"Database Connection Error: payments is not iterable","10/05/2025 09:00:03"
"Cannot fetch user payment details","10/05/2025 12:00:03"
"Database Connection Error: payments is not iterable","10/05/2025 12:00:03"
"Cannot fetch user payment details","10/05/2025 15:00:03"
"Database Connection Error: payments is not iterable","10/05/2025 15:00:03"
"Cannot fetch user payment details","10/05/2025 18:00:03"
"Database Connection Error: payments is not iterable","10/05/2025 18:00:03"
"Cannot fetch user payment details","10/05/2025 21:00:03"
"Database Connection Error: payments is not iterable","10/05/2025 21:00:03"
"Cannot fetch user payment details","11/05/2025 00:00:03"
"Database Connection Error: payments is not iterable","11/05/2025 00:00:03"
"Cannot fetch user payment details","11/05/2025 03:00:03"
"Database Connection Error: payments is not iterable","11/05/2025 03:00:03"
"Cannot fetch user payment details","11/05/2025 06:00:03"
"Database Connection Error: payments is not iterable","11/05/2025 06:00:03"
"Cannot fetch user payment details","11/05/2025 09:00:03"
"Database Connection Error: payments is not iterable","11/05/2025 09:00:03"
"Cannot fetch user payment details","11/05/2025 12:00:03"
"Database Connection Error: payments is not iterable","11/05/2025 12:00:03"
"Cannot fetch user payment details","11/05/2025 15:00:03"
"Database Connection Error: payments is not iterable","11/05/2025 15:00:03"
"Cannot fetch user payment details","11/05/2025 18:00:03"
"Database Connection Error: payments is not iterable","11/05/2025 18:00:03"
"Cannot fetch user payment details","11/05/2025 21:00:03"
"Database Connection Error: payments is not iterable","11/05/2025 21:00:03"
"Cannot fetch user payment details","12/05/2025 00:00:03"
"Database Connection Error: payments is not iterable","12/05/2025 00:00:03"
"Cannot fetch user payment details","12/05/2025 03:00:03"
"Database Connection Error: payments is not iterable","12/05/2025 03:00:03"
"Cannot fetch user payment details","12/05/2025 06:00:03"
"Database Connection Error: payments is not iterable","12/05/2025 06:00:03"
"Cannot fetch user payment details","12/05/2025 09:00:03"
"Database Connection Error: payments is not iterable","12/05/2025 09:00:03"
"Cannot fetch user payment details","12/05/2025 12:00:03"
"Database Connection Error: payments is not iterable","12/05/2025 12:00:03"
"Cannot fetch user payment details","12/05/2025 15:00:03"
"Database Connection Error: payments is not iterable","12/05/2025 15:00:03"
"Cannot fetch user payment details","12/05/2025 18:00:03"
"Database Connection Error: payments is not iterable","12/05/2025 18:00:03"
"Cannot fetch user payment details","12/05/2025 21:00:03"
"Database Connection Error: payments is not iterable","12/05/2025 21:00:03"
"Cannot fetch user payment details","13/05/2025 00:00:02"
"Database Connection Error: payments is not iterable","13/05/2025 00:00:02"
"Cannot fetch user payment details","13/05/2025 03:00:03"
"Database Connection Error: payments is not iterable","13/05/2025 03:00:03"
"Database Connection Error: Failed to connect to 124.43.16.80:1433 in 15000ms","13/05/2025 06:00:15"
"Cannot fetch user payment details","13/05/2025 09:00:03"
"Database Connection Error: payments is not iterable","13/05/2025 09:00:03"
"Cannot fetch user payment details","13/05/2025 12:00:03"
"Database Connection Error: payments is not iterable","13/05/2025 12:00:03"
"Cannot fetch user payment details","13/05/2025 15:00:03"
"Database Connection Error: payments is not iterable","13/05/2025 15:00:03"
"Cannot fetch user payment details","13/05/2025 18:00:03"
"Database Connection Error: payments is not iterable","13/05/2025 18:00:03"
"Cannot fetch user payment details","13/05/2025 21:00:03"
"Database Connection Error: payments is not iterable","13/05/2025 21:00:03"
"Cannot fetch user payment details","14/05/2025 00:00:02"
"Database Connection Error: payments is not iterable","14/05/2025 00:00:02"
"Cannot fetch user payment details","14/05/2025 03:00:03"
"Database Connection Error: payments is not iterable","14/05/2025 03:00:03"
"Cannot fetch user payment details","14/05/2025 06:00:02"
"Database Connection Error: payments is not iterable","14/05/2025 06:00:02"
"Cannot fetch user payment details","14/05/2025 09:00:07"
"Database Connection Error: payments is not iterable","14/05/2025 09:00:07"
"Cannot fetch user payment details","14/05/2025 15:00:03"
"Database Connection Error: payments is not iterable","14/05/2025 15:00:03"
"Cannot fetch user payment details","14/05/2025 18:00:02"
"Database Connection Error: payments is not iterable","14/05/2025 18:00:02"
"Cannot fetch user payment details","14/05/2025 21:00:03"
"Database Connection Error: payments is not iterable","14/05/2025 21:00:03"
"Cannot fetch user payment details","15/05/2025 00:00:03"
"Database Connection Error: payments is not iterable","15/05/2025 00:00:03"
"Cannot fetch user payment details","15/05/2025 03:00:04"
"Database Connection Error: payments is not iterable","15/05/2025 03:00:04"
"Cannot fetch user payment details","15/05/2025 06:00:03"
"Database Connection Error: payments is not iterable","15/05/2025 06:00:03"
"Cannot fetch user payment details","15/05/2025 09:00:04"
"Database Connection Error: payments is not iterable","15/05/2025 09:00:04"
"Cannot fetch user payment details","15/05/2025 15:00:03"
"Database Connection Error: payments is not iterable","15/05/2025 15:00:03"
"Cannot fetch user payment details","15/05/2025 18:00:03"
"Database Connection Error: payments is not iterable","15/05/2025 18:00:03"
"Cannot fetch user payment details","15/05/2025 21:00:02"
"Database Connection Error: payments is not iterable","15/05/2025 21:00:02"
"Cannot fetch user payment details","16/05/2025 00:00:03"
"Database Connection Error: payments is not iterable","16/05/2025 00:00:03"
"Cannot fetch user payment details","16/05/2025 03:00:03"
"Database Connection Error: payments is not iterable","16/05/2025 03:00:03"
"Cannot fetch user payment details","16/05/2025 06:00:03"
"Database Connection Error: payments is not iterable","16/05/2025 06:00:03"
"Cannot fetch user payment details","16/05/2025 09:00:03"
"Database Connection Error: payments is not iterable","16/05/2025 09:00:03"
"Cannot fetch user payment details","16/05/2025 15:00:03"
"Database Connection Error: payments is not iterable","16/05/2025 15:00:03"
"Cannot fetch user payment details","16/05/2025 18:00:04"
"Database Connection Error: payments is not iterable","16/05/2025 18:00:04"
"Cannot fetch user payment details","16/05/2025 21:00:03"
"Database Connection Error: payments is not iterable","16/05/2025 21:00:03"
"Cannot fetch user payment details","17/05/2025 00:00:03"
"Database Connection Error: payments is not iterable","17/05/2025 00:00:03"
"Cannot fetch user payment details","17/05/2025 03:00:03"
"Database Connection Error: payments is not iterable","17/05/2025 03:00:03"
"Cannot fetch user payment details","17/05/2025 06:00:02"
"Database Connection Error: payments is not iterable","17/05/2025 06:00:02"
"Cannot fetch user payment details","17/05/2025 09:00:02"
"Database Connection Error: payments is not iterable","17/05/2025 09:00:02"
"Cannot fetch user payment details","17/05/2025 12:00:03"
"Database Connection Error: payments is not iterable","17/05/2025 12:00:03"
"Cannot fetch user payment details","17/05/2025 15:00:03"
"Database Connection Error: payments is not iterable","17/05/2025 15:00:03"
"Cannot fetch user payment details","17/05/2025 18:00:03"
"Database Connection Error: payments is not iterable","17/05/2025 18:00:03"
"Cannot fetch user payment details","17/05/2025 21:00:03"
"Database Connection Error: payments is not iterable","17/05/2025 21:00:03"
"Cannot fetch user payment details","18/05/2025 00:00:02"
"Database Connection Error: payments is not iterable","18/05/2025 00:00:02"
"Cannot fetch user payment details","18/05/2025 03:00:03"
"Database Connection Error: payments is not iterable","18/05/2025 03:00:03"
"Cannot fetch user payment details","18/05/2025 06:00:03"
"Database Connection Error: payments is not iterable","18/05/2025 06:00:03"
"Cannot fetch user payment details","18/05/2025 09:00:03"
"Database Connection Error: payments is not iterable","18/05/2025 09:00:03"
"Cannot fetch user payment details","18/05/2025 12:00:03"
"Database Connection Error: payments is not iterable","18/05/2025 12:00:03"
"Cannot fetch user payment details","18/05/2025 15:00:02"
"Database Connection Error: payments is not iterable","18/05/2025 15:00:02"
"Cannot fetch user payment details","18/05/2025 18:00:03"
"Database Connection Error: payments is not iterable","18/05/2025 18:00:03"
"Cannot fetch user payment details","18/05/2025 21:00:03"
"Database Connection Error: payments is not iterable","18/05/2025 21:00:03"
"Cannot fetch user payment details","19/05/2025 00:00:02"
"Database Connection Error: payments is not iterable","19/05/2025 00:00:02"
"Cannot fetch user payment details","19/05/2025 03:00:03"
"Database Connection Error: payments is not iterable","19/05/2025 03:00:03"
"Cannot fetch user payment details","19/05/2025 06:00:03"
"Database Connection Error: payments is not iterable","19/05/2025 06:00:03"
"Cannot fetch user payment details","19/05/2025 09:00:03"
"Database Connection Error: payments is not iterable","19/05/2025 09:00:03"
"Cannot fetch user payment details","19/05/2025 15:00:03"
"Database Connection Error: payments is not iterable","19/05/2025 15:00:03"
"Cannot fetch user payment details","19/05/2025 18:00:04"
"Database Connection Error: payments is not iterable","19/05/2025 18:00:04"
"Cannot fetch user payment details","19/05/2025 21:00:03"
"Database Connection Error: payments is not iterable","19/05/2025 21:00:03"
"Cannot fetch user payment details","20/05/2025 03:00:03"
"Database Connection Error: payments is not iterable","20/05/2025 03:00:03"
"Cannot fetch user payment details","20/05/2025 06:00:02"
"Database Connection Error: payments is not iterable","20/05/2025 06:00:02"
"Cannot fetch user payment details","20/05/2025 09:00:03"
"Database Connection Error: payments is not iterable","20/05/2025 09:00:03"
"Cannot fetch user payment details","20/05/2025 12:00:03"
"Database Connection Error: payments is not iterable","20/05/2025 12:00:03"
"Cannot fetch user payment details","20/05/2025 15:00:04"
"Database Connection Error: payments is not iterable","20/05/2025 15:00:04"
"Cannot fetch user payment details","20/05/2025 18:00:03"
"Database Connection Error: payments is not iterable","20/05/2025 18:00:03"
"Cannot fetch user payment details","20/05/2025 21:00:03"
"Database Connection Error: payments is not iterable","20/05/2025 21:00:03"
"Cannot fetch user payment details","21/05/2025 03:00:03"
"Database Connection Error: payments is not iterable","21/05/2025 03:00:03"
"Cannot fetch user payment details","21/05/2025 06:00:03"
"Database Connection Error: payments is not iterable","21/05/2025 06:00:03"
"Cannot fetch user payment details","21/05/2025 09:00:03"
"Database Connection Error: payments is not iterable","21/05/2025 09:00:03"
"Cannot fetch user payment details","21/05/2025 12:00:03"
"Database Connection Error: payments is not iterable","21/05/2025 12:00:03"
"Cannot fetch user payment details","21/05/2025 15:00:03"
"Database Connection Error: payments is not iterable","21/05/2025 15:00:03"
"Cannot fetch user payment details","21/05/2025 18:00:03"
"Database Connection Error: payments is not iterable","21/05/2025 18:00:03"
"Cannot fetch user payment details","21/05/2025 21:00:03"
"Database Connection Error: payments is not iterable","21/05/2025 21:00:03"
"Cannot fetch user payment details","22/05/2025 03:00:02"
"Database Connection Error: payments is not iterable","22/05/2025 03:00:02"
"Cannot fetch user payment details","22/05/2025 06:00:03"
"Database Connection Error: payments is not iterable","22/05/2025 06:00:03"
"Cannot fetch user payment details","22/05/2025 09:00:03"
"Database Connection Error: payments is not iterable","22/05/2025 09:00:03"
"Cannot fetch user payment details","22/05/2025 12:00:03"
"Database Connection Error: payments is not iterable","22/05/2025 12:00:03"
"Cannot fetch user payment details","22/05/2025 15:00:03"
"Database Connection Error: payments is not iterable","22/05/2025 15:00:03"
"Cannot fetch user payment details","22/05/2025 18:00:03"
"Database Connection Error: payments is not iterable","22/05/2025 18:00:03"
"Cannot fetch user payment details","22/05/2025 21:00:03"
"Database Connection Error: payments is not iterable","22/05/2025 21:00:03"
"Cannot fetch user payment details","23/05/2025 03:00:03"
"Database Connection Error: payments is not iterable","23/05/2025 03:00:03"
"Cannot fetch user payment details","23/05/2025 06:00:03"
"Database Connection Error: payments is not iterable","23/05/2025 06:00:03"
"Cannot fetch user payment details","23/05/2025 09:00:06"
"Database Connection Error: payments is not iterable","23/05/2025 09:00:06"
"Cannot fetch user payment details","23/05/2025 12:00:03"
"Database Connection Error: payments is not iterable","23/05/2025 12:00:03"
"Cannot fetch user payment details","23/05/2025 15:00:03"
"Database Connection Error: payments is not iterable","23/05/2025 15:00:03"
"Cannot fetch user payment details","23/05/2025 18:00:03"
"Database Connection Error: payments is not iterable","23/05/2025 18:00:03"
"Cannot fetch user payment details","23/05/2025 21:00:02"
"Database Connection Error: payments is not iterable","23/05/2025 21:00:02"
"Cannot fetch user payment details","24/05/2025 03:00:03"
"Database Connection Error: payments is not iterable","24/05/2025 03:00:03"
"Cannot fetch user payment details","24/05/2025 06:00:03"
"Database Connection Error: payments is not iterable","24/05/2025 06:00:03"
"Cannot fetch user payment details","24/05/2025 09:00:04"
"Database Connection Error: payments is not iterable","24/05/2025 09:00:04"
"Cannot fetch user payment details","24/05/2025 12:00:03"
"Database Connection Error: payments is not iterable","24/05/2025 12:00:03"
"Cannot fetch user payment details","24/05/2025 15:00:03"
"Database Connection Error: payments is not iterable","24/05/2025 15:00:03"
"Cannot fetch user payment details","24/05/2025 18:00:03"
"Database Connection Error: payments is not iterable","24/05/2025 18:00:03"
"Cannot fetch user payment details","24/05/2025 21:00:03"
"Database Connection Error: payments is not iterable","24/05/2025 21:00:03"
"Cannot fetch user payment details","25/05/2025 03:00:03"
"Database Connection Error: payments is not iterable","25/05/2025 03:00:03"
"Cannot fetch user payment details","25/05/2025 06:00:03"
"Database Connection Error: payments is not iterable","25/05/2025 06:00:03"
"Cannot fetch user payment details","25/05/2025 09:00:03"
"Database Connection Error: payments is not iterable","25/05/2025 09:00:03"
"Cannot fetch user payment details","25/05/2025 12:00:03"
"Database Connection Error: payments is not iterable","25/05/2025 12:00:03"
"Cannot fetch user payment details","25/05/2025 15:00:03"
"Database Connection Error: payments is not iterable","25/05/2025 15:00:03"
"Cannot fetch user payment details","25/05/2025 18:00:03"
"Database Connection Error: payments is not iterable","25/05/2025 18:00:03"
"Cannot fetch user payment details","25/05/2025 21:00:03"
"Database Connection Error: payments is not iterable","25/05/2025 21:00:03"
"Cannot fetch user payment details","26/05/2025 03:00:04"
"Database Connection Error: payments is not iterable","26/05/2025 03:00:04"
"Cannot fetch user payment details","26/05/2025 06:00:03"
"Database Connection Error: payments is not iterable","26/05/2025 06:00:03"
"Cannot fetch user payment details","26/05/2025 09:00:03"
"Database Connection Error: payments is not iterable","26/05/2025 09:00:03"
"Cannot fetch user payment details","26/05/2025 12:00:03"
"Database Connection Error: payments is not iterable","26/05/2025 12:00:03"
"Cannot fetch user payment details","26/05/2025 15:00:03"
"Database Connection Error: payments is not iterable","26/05/2025 15:00:03"
"Cannot fetch user payment details","26/05/2025 18:00:03"
"Database Connection Error: payments is not iterable","26/05/2025 18:00:03"
"Cannot fetch user payment details","26/05/2025 21:00:02"
"Database Connection Error: payments is not iterable","26/05/2025 21:00:02"
"Cannot fetch user payment details","27/05/2025 03:00:03"
"Database Connection Error: payments is not iterable","27/05/2025 03:00:03"
"Cannot fetch user payment details","27/05/2025 06:00:03"
"Database Connection Error: payments is not iterable","27/05/2025 06:00:03"
"Cannot fetch user payment details","27/05/2025 09:00:05"
"Database Connection Error: payments is not iterable","27/05/2025 09:00:05"
"Cannot fetch user payment details","27/05/2025 12:00:03"
"Database Connection Error: payments is not iterable","27/05/2025 12:00:03"
"Cannot fetch user payment details","27/05/2025 15:00:03"
"Database Connection Error: payments is not iterable","27/05/2025 15:00:03"
"Cannot fetch user payment details","27/05/2025 18:00:04"
"Database Connection Error: payments is not iterable","27/05/2025 18:00:04"
"Cannot fetch user payment details","27/05/2025 21:00:03"
"Database Connection Error: payments is not iterable","27/05/2025 21:00:03"
"Cannot fetch user payment details","28/05/2025 03:00:02"
"Database Connection Error: payments is not iterable","28/05/2025 03:00:02"
"Cannot fetch user payment details","28/05/2025 06:00:03"
"Database Connection Error: payments is not iterable","28/05/2025 06:00:03"
"Cannot fetch user payment details","28/05/2025 09:00:04"
"Database Connection Error: payments is not iterable","28/05/2025 09:00:04"
"Cannot fetch user payment details","28/05/2025 12:00:03"
"Database Connection Error: payments is not iterable","28/05/2025 12:00:03"
"Cannot fetch user payment details","28/05/2025 15:00:03"
"Database Connection Error: payments is not iterable","28/05/2025 15:00:03"
"Cannot fetch user payment details","28/05/2025 18:00:03"
"Database Connection Error: payments is not iterable","28/05/2025 18:00:03"
"Cannot fetch user payment details","28/05/2025 21:00:03"
"Database Connection Error: payments is not iterable","28/05/2025 21:00:03"
"Cannot fetch user payment details","29/05/2025 03:00:03"
"Database Connection Error: payments is not iterable","29/05/2025 03:00:03"
"Cannot fetch user payment details","29/05/2025 06:00:03"
"Database Connection Error: payments is not iterable","29/05/2025 06:00:03"
"Cannot fetch user payment details","29/05/2025 09:00:03"
"Database Connection Error: payments is not iterable","29/05/2025 09:00:03"
"Cannot fetch user payment details","29/05/2025 12:00:03"
"Database Connection Error: payments is not iterable","29/05/2025 12:00:03"
"Cannot fetch user payment details","29/05/2025 15:00:04"
"Database Connection Error: payments is not iterable","29/05/2025 15:00:04"
"Cannot fetch user payment details","29/05/2025 18:00:03"
"Database Connection Error: payments is not iterable","29/05/2025 18:00:03"
"Cannot fetch user payment details","29/05/2025 21:00:03"
"Database Connection Error: payments is not iterable","29/05/2025 21:00:03"
"Cannot fetch user payment details","30/05/2025 03:00:03"
"Database Connection Error: payments is not iterable","30/05/2025 03:00:03"
"Cannot fetch user payment details","30/05/2025 06:00:03"
"Database Connection Error: payments is not iterable","30/05/2025 06:00:03"
"Cannot fetch user payment details","30/05/2025 09:00:03"
"Database Connection Error: payments is not iterable","30/05/2025 09:00:03"
"Cannot fetch user payment details","30/05/2025 12:00:03"
"Database Connection Error: payments is not iterable","30/05/2025 12:00:03"
"Cannot fetch user payment details","30/05/2025 15:00:03"
"Database Connection Error: payments is not iterable","30/05/2025 15:00:03"
"Cannot fetch user payment details","30/05/2025 18:00:03"
"Database Connection Error: payments is not iterable","30/05/2025 18:00:03"
"Cannot fetch user payment details","30/05/2025 21:00:03"
"Database Connection Error: payments is not iterable","30/05/2025 21:00:03"
"Cannot fetch user payment details","31/05/2025 06:00:03"
"Database Connection Error: payments is not iterable","31/05/2025 06:00:03"
"Cannot fetch user payment details","31/05/2025 09:00:03"
"Database Connection Error: payments is not iterable","31/05/2025 09:00:03"
"Cannot fetch user payment details","31/05/2025 12:00:03"
"Database Connection Error: payments is not iterable","31/05/2025 12:00:03"
"Cannot fetch user payment details","31/05/2025 15:00:03"
"Database Connection Error: payments is not iterable","31/05/2025 15:00:03"
"Cannot fetch user payment details","31/05/2025 18:00:03"
"Database Connection Error: payments is not iterable","31/05/2025 18:00:03"
"Cannot fetch user payment details","31/05/2025 21:00:03"
"Database Connection Error: payments is not iterable","31/05/2025 21:00:03"
"Cannot fetch user payment details","01/06/2025 03:00:03"
"Database Connection Error: payments is not iterable","01/06/2025 03:00:03"
"Cannot fetch user payment details","01/06/2025 06:00:03"
"Database Connection Error: payments is not iterable","01/06/2025 06:00:03"
"Cannot fetch user payment details","01/06/2025 09:00:03"
"Database Connection Error: payments is not iterable","01/06/2025 09:00:03"
"Cannot fetch user payment details","01/06/2025 12:00:03"
"Database Connection Error: payments is not iterable","01/06/2025 12:00:03"
"Cannot fetch user payment details","01/06/2025 15:00:03"
"Database Connection Error: payments is not iterable","01/06/2025 15:00:03"
"Cannot fetch user payment details","01/06/2025 18:00:03"
"Database Connection Error: payments is not iterable","01/06/2025 18:00:03"
"Cannot fetch user payment details","01/06/2025 21:00:03"
"Database Connection Error: payments is not iterable","01/06/2025 21:00:03"
"Cannot fetch user payment details","02/06/2025 03:00:02"
"Database Connection Error: payments is not iterable","02/06/2025 03:00:02"
"Cannot fetch user payment details","02/06/2025 06:00:03"
"Database Connection Error: payments is not iterable","02/06/2025 06:00:03"
"Cannot fetch user payment details","02/06/2025 09:00:03"
"Database Connection Error: payments is not iterable","02/06/2025 09:00:03"
"Cannot fetch user payment details","02/06/2025 12:00:03"
"Database Connection Error: payments is not iterable","02/06/2025 12:00:03"
"Cannot fetch user payment details","02/06/2025 15:00:03"
"Database Connection Error: payments is not iterable","02/06/2025 15:00:03"
"Cannot fetch user payment details","02/06/2025 18:00:03"
"Database Connection Error: payments is not iterable","02/06/2025 18:00:03"
"Cannot fetch user payment details","02/06/2025 21:00:03"
"Database Connection Error: payments is not iterable","02/06/2025 21:00:03"
"Cannot fetch user payment details","03/06/2025 03:00:03"
"Database Connection Error: payments is not iterable","03/06/2025 03:00:03"
"Cannot fetch user payment details","03/06/2025 06:00:03"
"Database Connection Error: payments is not iterable","03/06/2025 06:00:03"
"Cannot fetch user payment details","03/06/2025 09:00:04"
"Database Connection Error: payments is not iterable","03/06/2025 09:00:04"
"Cannot fetch user payment details","03/06/2025 12:00:03"
"Database Connection Error: payments is not iterable","03/06/2025 12:00:03"
"Cannot fetch user payment details","03/06/2025 15:00:03"
"Database Connection Error: payments is not iterable","03/06/2025 15:00:03"
"Cannot fetch user payment details","03/06/2025 18:00:04"
"Database Connection Error: payments is not iterable","03/06/2025 18:00:04"
"Cannot fetch user payment details","03/06/2025 21:00:03"
"Database Connection Error: payments is not iterable","03/06/2025 21:00:03"
"Cannot fetch user payment details","04/06/2025 03:00:03"
"Database Connection Error: payments is not iterable","04/06/2025 03:00:03"
"Cannot fetch user payment details","04/06/2025 06:00:03"
"Database Connection Error: payments is not iterable","04/06/2025 06:00:03"
"Cannot fetch user payment details","04/06/2025 09:00:03"
"Database Connection Error: payments is not iterable","04/06/2025 09:00:03"
"Cannot fetch user payment details","04/06/2025 12:00:03"
"Database Connection Error: payments is not iterable","04/06/2025 12:00:03"
"Cannot fetch user payment details","04/06/2025 15:00:03"
"Database Connection Error: payments is not iterable","04/06/2025 15:00:03"
"Cannot fetch user payment details","04/06/2025 18:00:03"
"Database Connection Error: payments is not iterable","04/06/2025 18:00:03"
"Cannot fetch user payment details","04/06/2025 21:00:03"
"Database Connection Error: payments is not iterable","04/06/2025 21:00:03"
"Cannot fetch user payment details","05/06/2025 03:00:03"
"Database Connection Error: payments is not iterable","05/06/2025 03:00:03"
"Cannot fetch user payment details","05/06/2025 06:00:03"
"Database Connection Error: payments is not iterable","05/06/2025 06:00:03"
"Cannot fetch user payment details","05/06/2025 09:00:03"
"Database Connection Error: payments is not iterable","05/06/2025 09:00:03"
"Cannot fetch user payment details","05/06/2025 12:00:03"
"Database Connection Error: payments is not iterable","05/06/2025 12:00:03"
"Cannot fetch user payment details","05/06/2025 15:00:03"
"Database Connection Error: payments is not iterable","05/06/2025 15:00:03"
"Cannot fetch user payment details","05/06/2025 18:00:03"
"Database Connection Error: payments is not iterable","05/06/2025 18:00:03"
"Cannot fetch user payment details","05/06/2025 21:00:03"
"Database Connection Error: payments is not iterable","05/06/2025 21:00:03"
"API Call Failed: timeout of 10000ms exceeded","06/06/2025 00:00:33"
"Cannot fetch user payment details","06/06/2025 06:00:03"
"Database Connection Error: payments is not iterable","06/06/2025 06:00:03"
"Cannot fetch user payment details","06/06/2025 09:00:03"
"Database Connection Error: payments is not iterable","06/06/2025 09:00:03"
"Cannot fetch user payment details","06/06/2025 12:00:03"
"Database Connection Error: payments is not iterable","06/06/2025 12:00:03"
"Cannot fetch user payment details","06/06/2025 15:00:06"
"Database Connection Error: payments is not iterable","06/06/2025 15:00:06"
"Cannot fetch user payment details","06/06/2025 18:00:02"
"Database Connection Error: payments is not iterable","06/06/2025 18:00:02"
"Cannot fetch user payment details","06/06/2025 21:00:03"
"Database Connection Error: payments is not iterable","06/06/2025 21:00:03"
"Cannot fetch user payment details","07/06/2025 03:00:03"
"Database Connection Error: payments is not iterable","07/06/2025 03:00:03"
"Cannot fetch user payment details","07/06/2025 06:00:03"
"Database Connection Error: payments is not iterable","07/06/2025 06:00:03"
"Cannot fetch user payment details","07/06/2025 09:00:03"
"Database Connection Error: payments is not iterable","07/06/2025 09:00:03"
"Cannot fetch user payment details","07/06/2025 12:00:03"
"Database Connection Error: payments is not iterable","07/06/2025 12:00:03"
"Cannot fetch user payment details","07/06/2025 15:00:03"
"Database Connection Error: payments is not iterable","07/06/2025 15:00:03"
"Cannot fetch user payment details","07/06/2025 18:00:03"
"Database Connection Error: payments is not iterable","07/06/2025 18:00:03"
"Cannot fetch user payment details","07/06/2025 21:00:03"
"Database Connection Error: payments is not iterable","07/06/2025 21:00:03"
"Cannot fetch user payment details","08/06/2025 03:00:03"
"Database Connection Error: payments is not iterable","08/06/2025 03:00:03"
"Cannot fetch user payment details","08/06/2025 06:00:03"
"Database Connection Error: payments is not iterable","08/06/2025 06:00:03"
"Cannot fetch user payment details","08/06/2025 09:00:03"
"Database Connection Error: payments is not iterable","08/06/2025 09:00:03"
"Cannot fetch user payment details","08/06/2025 12:00:02"
"Database Connection Error: payments is not iterable","08/06/2025 12:00:02"
"Cannot fetch user payment details","08/06/2025 15:00:03"
"Database Connection Error: payments is not iterable","08/06/2025 15:00:03"
"Cannot fetch user payment details","08/06/2025 18:00:03"
"Database Connection Error: payments is not iterable","08/06/2025 18:00:03"
"Cannot fetch user payment details","08/06/2025 21:00:03"
"Database Connection Error: payments is not iterable","08/06/2025 21:00:03"
"Cannot fetch user payment details","09/06/2025 03:00:03"
"Database Connection Error: payments is not iterable","09/06/2025 03:00:03"
"Cannot fetch user payment details","09/06/2025 06:00:03"
"Database Connection Error: payments is not iterable","09/06/2025 06:00:03"
"Cannot fetch user payment details","09/06/2025 09:00:03"
"Database Connection Error: payments is not iterable","09/06/2025 09:00:03"
"Cannot fetch user payment details","09/06/2025 15:00:02"
"Database Connection Error: payments is not iterable","09/06/2025 15:00:02"
"Cannot fetch user payment details","09/06/2025 18:00:03"
"Database Connection Error: payments is not iterable","09/06/2025 18:00:03"
"Cannot fetch user payment details","09/06/2025 21:00:03"
"Database Connection Error: payments is not iterable","09/06/2025 21:00:03"
"Cannot fetch user payment details","10/06/2025 03:00:03"
"Database Connection Error: payments is not iterable","10/06/2025 03:00:03"
"Cannot fetch user payment details","10/06/2025 06:00:03"
"Database Connection Error: payments is not iterable","10/06/2025 06:00:03"
"Cannot fetch user payment details","10/06/2025 09:00:03"
"Database Connection Error: payments is not iterable","10/06/2025 09:00:03"
"Cannot fetch user payment details","10/06/2025 12:00:03"
"Database Connection Error: payments is not iterable","10/06/2025 12:00:03"
"Cannot fetch user payment details","10/06/2025 15:00:03"
"Database Connection Error: payments is not iterable","10/06/2025 15:00:03"
"Cannot fetch user payment details","10/06/2025 18:00:03"
"Database Connection Error: payments is not iterable","10/06/2025 18:00:03"
"Cannot fetch user payment details","10/06/2025 21:00:03"
"Database Connection Error: payments is not iterable","10/06/2025 21:00:03"
"Cannot fetch user payment details","11/06/2025 03:00:03"
"Database Connection Error: payments is not iterable","11/06/2025 03:00:03"
"Cannot fetch user payment details","11/06/2025 06:00:03"
"Database Connection Error: payments is not iterable","11/06/2025 06:00:03"
"Cannot fetch user payment details","11/06/2025 09:00:03"
"Database Connection Error: payments is not iterable","11/06/2025 09:00:03"
"Cannot fetch user payment details","11/06/2025 12:00:03"
"Database Connection Error: payments is not iterable","11/06/2025 12:00:03"
"Cannot fetch user payment details","11/06/2025 18:00:03"
"Database Connection Error: payments is not iterable","11/06/2025 18:00:03"
"Cannot fetch user payment details","11/06/2025 21:00:03"
"Database Connection Error: payments is not iterable","11/06/2025 21:00:03"
"Cannot fetch user payment details","12/06/2025 03:00:03"
"Database Connection Error: payments is not iterable","12/06/2025 03:00:03"
"Cannot fetch user payment details","12/06/2025 06:00:03"
"Database Connection Error: payments is not iterable","12/06/2025 06:00:03"
"Cannot fetch user payment details","12/06/2025 09:00:03"
"Database Connection Error: payments is not iterable","12/06/2025 09:00:03"
"Cannot fetch user payment details","12/06/2025 12:00:03"
"Database Connection Error: payments is not iterable","12/06/2025 12:00:03"
"Cannot fetch user payment details","12/06/2025 15:00:03"
"Database Connection Error: payments is not iterable","12/06/2025 15:00:03"
"Cannot fetch user payment details","12/06/2025 18:00:03"
"Database Connection Error: payments is not iterable","12/06/2025 18:00:03"
"Cannot fetch user payment details","12/06/2025 21:00:03"
"Database Connection Error: payments is not iterable","12/06/2025 21:00:03"
"Cannot fetch user payment details","13/06/2025 03:00:03"
"Database Connection Error: payments is not iterable","13/06/2025 03:00:03"
"Cannot fetch user payment details","13/06/2025 06:00:02"
"Database Connection Error: payments is not iterable","13/06/2025 06:00:02"
"Cannot fetch user payment details","13/06/2025 09:00:03"
"Database Connection Error: payments is not iterable","13/06/2025 09:00:03"
"Cannot fetch user payment details","13/06/2025 12:00:03"
"Database Connection Error: payments is not iterable","13/06/2025 12:00:03"
"Cannot fetch user payment details","13/06/2025 15:00:03"
"Database Connection Error: payments is not iterable","13/06/2025 15:00:03"
"Cannot fetch user payment details","13/06/2025 18:00:03"
"Database Connection Error: payments is not iterable","13/06/2025 18:00:03"
"Cannot fetch user payment details","13/06/2025 21:00:03"
"Database Connection Error: payments is not iterable","13/06/2025 21:00:03"
"Cannot fetch user payment details","14/06/2025 03:00:03"
"Database Connection Error: payments is not iterable","14/06/2025 03:00:03"
"Cannot fetch user payment details","14/06/2025 06:00:03"
"Database Connection Error: payments is not iterable","14/06/2025 06:00:03"
"Cannot fetch user payment details","14/06/2025 09:00:03"
"Database Connection Error: payments is not iterable","14/06/2025 09:00:03"
"Cannot fetch user payment details","14/06/2025 12:00:03"
"Database Connection Error: payments is not iterable","14/06/2025 12:00:03"
"Cannot fetch user payment details","14/06/2025 15:00:03"
"Database Connection Error: payments is not iterable","14/06/2025 15:00:03"
"Cannot fetch user payment details","14/06/2025 18:00:03"
"Database Connection Error: payments is not iterable","14/06/2025 18:00:03"
"Cannot fetch user payment details","14/06/2025 21:00:03"
"Database Connection Error: payments is not iterable","14/06/2025 21:00:03"
"Cannot fetch user payment details","15/06/2025 03:00:03"
"Database Connection Error: payments is not iterable","15/06/2025 03:00:03"
"Cannot fetch user payment details","15/06/2025 06:00:03"
"Database Connection Error: payments is not iterable","15/06/2025 06:00:03"
"Cannot fetch user payment details","15/06/2025 09:00:03"
"Database Connection Error: payments is not iterable","15/06/2025 09:00:03"
"Cannot fetch user payment details","15/06/2025 12:00:03"
"Database Connection Error: payments is not iterable","15/06/2025 12:00:03"
"Cannot fetch user payment details","15/06/2025 15:00:03"
"Database Connection Error: payments is not iterable","15/06/2025 15:00:03"
"Cannot fetch user payment details","15/06/2025 18:00:03"
"Database Connection Error: payments is not iterable","15/06/2025 18:00:03"
"Cannot fetch user payment details","15/06/2025 21:00:02"
"Database Connection Error: payments is not iterable","15/06/2025 21:00:02"
"Cannot fetch user payment details","16/06/2025 03:00:03"
"Database Connection Error: payments is not iterable","16/06/2025 03:00:03"
"Cannot fetch user payment details","16/06/2025 06:00:03"
"Database Connection Error: payments is not iterable","16/06/2025 06:00:03"
"Cannot fetch user payment details","16/06/2025 09:00:03"
"Database Connection Error: payments is not iterable","16/06/2025 09:00:03"
"Cannot fetch user payment details","16/06/2025 12:00:03"
"Database Connection Error: payments is not iterable","16/06/2025 12:00:03"
"Cannot fetch user payment details","16/06/2025 15:00:02"
"Database Connection Error: payments is not iterable","16/06/2025 15:00:02"
"Cannot fetch user payment details","16/06/2025 18:00:02"
"Database Connection Error: payments is not iterable","16/06/2025 18:00:02"
"Cannot fetch user payment details","16/06/2025 21:00:03"
"Database Connection Error: payments is not iterable","16/06/2025 21:00:03"
"Cannot fetch user payment details","17/06/2025 03:00:03"
"Database Connection Error: payments is not iterable","17/06/2025 03:00:03"
"Cannot fetch user payment details","17/06/2025 06:00:03"
"Database Connection Error: payments is not iterable","17/06/2025 06:00:03"
"Cannot fetch user payment details","17/06/2025 09:00:02"
"Database Connection Error: payments is not iterable","17/06/2025 09:00:02"
"Cannot fetch user payment details","17/06/2025 12:00:03"
"Database Connection Error: payments is not iterable","17/06/2025 12:00:03"
"Cannot fetch user payment details","17/06/2025 15:00:03"
"Database Connection Error: payments is not iterable","17/06/2025 15:00:03"
"Cannot fetch user payment details","17/06/2025 18:00:03"
"Database Connection Error: payments is not iterable","17/06/2025 18:00:03"
"Cannot fetch user payment details","17/06/2025 21:00:03"
"Database Connection Error: payments is not iterable","17/06/2025 21:00:03"
"Cannot fetch user payment details","18/06/2025 03:00:03"
"Database Connection Error: payments is not iterable","18/06/2025 03:00:03"
"Cannot fetch user payment details","18/06/2025 06:00:02"
"Database Connection Error: payments is not iterable","18/06/2025 06:00:02"
"Cannot fetch user payment details","18/06/2025 09:00:03"
"Database Connection Error: payments is not iterable","18/06/2025 09:00:03"
"Cannot fetch user payment details","18/06/2025 12:00:03"
"Database Connection Error: payments is not iterable","18/06/2025 12:00:03"
"Cannot fetch user payment details","18/06/2025 15:00:03"
"Database Connection Error: payments is not iterable","18/06/2025 15:00:03"
"Cannot fetch user payment details","18/06/2025 18:00:03"
"Database Connection Error: payments is not iterable","18/06/2025 18:00:03"
"Cannot fetch user payment details","18/06/2025 21:00:03"
"Database Connection Error: payments is not iterable","18/06/2025 21:00:03"
"Cannot fetch user payment details","19/06/2025 03:00:03"
"Database Connection Error: payments is not iterable","19/06/2025 03:00:03"
"Cannot fetch user payment details","19/06/2025 06:00:03"
"Database Connection Error: payments is not iterable","19/06/2025 06:00:03"
"Cannot fetch user payment details","19/06/2025 09:00:03"
"Database Connection Error: payments is not iterable","19/06/2025 09:00:03"
"Cannot fetch user payment details","19/06/2025 12:00:03"
"Database Connection Error: payments is not iterable","19/06/2025 12:00:03"
"Cannot fetch user payment details","19/06/2025 15:00:03"
"Database Connection Error: payments is not iterable","19/06/2025 15:00:03"
"Cannot fetch user payment details","19/06/2025 18:00:03"
"Database Connection Error: payments is not iterable","19/06/2025 18:00:03"
"Cannot fetch user payment details","19/06/2025 21:00:03"
"Database Connection Error: payments is not iterable","19/06/2025 21:00:03"
"Cannot fetch user payment details","20/06/2025 03:00:02"
"Database Connection Error: payments is not iterable","20/06/2025 03:00:02"
"Cannot fetch user payment details","20/06/2025 06:00:03"
"Database Connection Error: payments is not iterable","20/06/2025 06:00:03"
"Cannot fetch user payment details","20/06/2025 09:00:03"
"Database Connection Error: payments is not iterable","20/06/2025 09:00:03"
"Cannot fetch user payment details","20/06/2025 12:00:03"
"Database Connection Error: payments is not iterable","20/06/2025 12:00:03"
"Cannot fetch user payment details","20/06/2025 15:00:03"
"Database Connection Error: payments is not iterable","20/06/2025 15:00:03"
"Cannot fetch user payment details","20/06/2025 18:00:03"
"Database Connection Error: payments is not iterable","20/06/2025 18:00:03"
"Cannot fetch user payment details","20/06/2025 21:00:03"
"Database Connection Error: payments is not iterable","20/06/2025 21:00:03"
"Cannot fetch user payment details","21/06/2025 03:00:02"
"Database Connection Error: payments is not iterable","21/06/2025 03:00:02"
"Cannot fetch user payment details","21/06/2025 06:00:03"
"Database Connection Error: payments is not iterable","21/06/2025 06:00:03"
"Cannot fetch user payment details","21/06/2025 09:00:03"
"Database Connection Error: payments is not iterable","21/06/2025 09:00:03"
"Cannot fetch user payment details","21/06/2025 12:00:03"
"Database Connection Error: payments is not iterable","21/06/2025 12:00:03"
"Cannot fetch user payment details","21/06/2025 15:00:03"
"Database Connection Error: payments is not iterable","21/06/2025 15:00:03"
"Cannot fetch user payment details","21/06/2025 18:00:03"
"Database Connection Error: payments is not iterable","21/06/2025 18:00:03"
"Cannot fetch user payment details","21/06/2025 21:00:03"
"Database Connection Error: payments is not iterable","21/06/2025 21:00:03"
"Cannot fetch user payment details","22/06/2025 03:00:03"
"Database Connection Error: payments is not iterable","22/06/2025 03:00:03"
"Cannot fetch user payment details","22/06/2025 06:00:03"
"Database Connection Error: payments is not iterable","22/06/2025 06:00:03"
"Cannot fetch user payment details","22/06/2025 09:00:03"
"Database Connection Error: payments is not iterable","22/06/2025 09:00:03"
"Cannot fetch user payment details","22/06/2025 12:00:03"
"Database Connection Error: payments is not iterable","22/06/2025 12:00:03"
"Cannot fetch user payment details","22/06/2025 15:00:03"
"Database Connection Error: payments is not iterable","22/06/2025 15:00:03"
"Cannot fetch user payment details","22/06/2025 18:00:03"
"Database Connection Error: payments is not iterable","22/06/2025 18:00:03"
"Cannot fetch user payment details","22/06/2025 21:00:03"
"Database Connection Error: payments is not iterable","22/06/2025 21:00:03"
"Cannot fetch user payment details","23/06/2025 03:00:02"
"Database Connection Error: payments is not iterable","23/06/2025 03:00:02"
"Cannot fetch user payment details","23/06/2025 06:00:03"
"Database Connection Error: payments is not iterable","23/06/2025 06:00:03"
"Cannot fetch user payment details","23/06/2025 09:00:03"
"Database Connection Error: payments is not iterable","23/06/2025 09:00:03"
"Cannot fetch user payment details","23/06/2025 12:00:03"
"Database Connection Error: payments is not iterable","23/06/2025 12:00:03"
"Cannot fetch user payment details","23/06/2025 15:00:03"
"Database Connection Error: payments is not iterable","23/06/2025 15:00:03"
"Cannot fetch user payment details","23/06/2025 18:00:03"
"Database Connection Error: payments is not iterable","23/06/2025 18:00:03"
"Cannot fetch user payment details","23/06/2025 21:00:03"
"Database Connection Error: payments is not iterable","23/06/2025 21:00:03"
"Cannot fetch user payment details","24/06/2025 03:00:03"
"Database Connection Error: payments is not iterable","24/06/2025 03:00:03"
"Cannot fetch user payment details","24/06/2025 06:00:03"
"Database Connection Error: payments is not iterable","24/06/2025 06:00:03"
"Cannot fetch user payment details","24/06/2025 09:00:04"
"Database Connection Error: payments is not iterable","24/06/2025 09:00:04"
"Cannot fetch user payment details","24/06/2025 12:00:03"
"Database Connection Error: payments is not iterable","24/06/2025 12:00:03"
"Cannot fetch user payment details","24/06/2025 15:00:03"
"Database Connection Error: payments is not iterable","24/06/2025 15:00:03"
"Cannot fetch user payment details","24/06/2025 18:00:03"
"Database Connection Error: payments is not iterable","24/06/2025 18:00:03"
"Cannot fetch user payment details","24/06/2025 21:00:02"
"Database Connection Error: payments is not iterable","24/06/2025 21:00:02"
"Cannot fetch user payment details","25/06/2025 03:00:03"
"Database Connection Error: payments is not iterable","25/06/2025 03:00:03"
"Cannot fetch user payment details","25/06/2025 06:00:03"
"Database Connection Error: payments is not iterable","25/06/2025 06:00:03"
"Cannot fetch user payment details","25/06/2025 09:00:03"
"Database Connection Error: payments is not iterable","25/06/2025 09:00:03"
"Cannot fetch user payment details","25/06/2025 12:00:03"
"Database Connection Error: payments is not iterable","25/06/2025 12:00:03"
"Cannot fetch user payment details","25/06/2025 15:00:03"
"Database Connection Error: payments is not iterable","25/06/2025 15:00:03"
"Cannot fetch user payment details","25/06/2025 18:00:03"
"Database Connection Error: payments is not iterable","25/06/2025 18:00:03"
"Cannot fetch user payment details","25/06/2025 21:00:03"
"Database Connection Error: payments is not iterable","25/06/2025 21:00:03"
"Cannot fetch user payment details","26/06/2025 03:00:03"
"Database Connection Error: payments is not iterable","26/06/2025 03:00:03"
"Cannot fetch user payment details","26/06/2025 06:00:03"
"Database Connection Error: payments is not iterable","26/06/2025 06:00:03"
"Cannot fetch user payment details","26/06/2025 09:00:03"
"Database Connection Error: payments is not iterable","26/06/2025 09:00:03"
"Cannot fetch user payment details","26/06/2025 12:00:03"
"Database Connection Error: payments is not iterable","26/06/2025 12:00:03"
"Cannot fetch user payment details","26/06/2025 15:00:03"
"Database Connection Error: payments is not iterable","26/06/2025 15:00:03"
"Cannot fetch user payment details","26/06/2025 18:00:03"
"Database Connection Error: payments is not iterable","26/06/2025 18:00:03"
"Cannot fetch user payment details","26/06/2025 21:00:03"
"Database Connection Error: payments is not iterable","26/06/2025 21:00:03"
"Cannot fetch user payment details","27/06/2025 03:00:03"
"Database Connection Error: payments is not iterable","27/06/2025 03:00:03"
"Cannot fetch user payment details","27/06/2025 06:00:03"
"Database Connection Error: payments is not iterable","27/06/2025 06:00:03"
"Cannot fetch user payment details","27/06/2025 12:00:03"
"Database Connection Error: payments is not iterable","27/06/2025 12:00:03"
"Cannot fetch user payment details","27/06/2025 15:00:03"
"Database Connection Error: payments is not iterable","27/06/2025 15:00:03"
"Cannot fetch user payment details","27/06/2025 18:00:03"
"Database Connection Error: payments is not iterable","27/06/2025 18:00:03"
"Cannot fetch user payment details","27/06/2025 21:00:02"
"Database Connection Error: payments is not iterable","27/06/2025 21:00:02"
"Cannot fetch user payment details","28/06/2025 03:00:03"
"Database Connection Error: payments is not iterable","28/06/2025 03:00:03"
"Cannot fetch user payment details","28/06/2025 06:00:03"
"Database Connection Error: payments is not iterable","28/06/2025 06:00:03"
"Cannot fetch user payment details","28/06/2025 09:00:03"
"Database Connection Error: payments is not iterable","28/06/2025 09:00:03"
"Cannot fetch user payment details","28/06/2025 12:00:03"
"Database Connection Error: payments is not iterable","28/06/2025 12:00:03"
"Cannot fetch user payment details","28/06/2025 15:00:03"
"Database Connection Error: payments is not iterable","28/06/2025 15:00:03"
"Cannot fetch user payment details","28/06/2025 18:00:03"
"Database Connection Error: payments is not iterable","28/06/2025 18:00:03"
"Cannot fetch user payment details","28/06/2025 21:00:03"
"Database Connection Error: payments is not iterable","28/06/2025 21:00:03"
"Cannot fetch user payment details","29/06/2025 03:00:03"
"Database Connection Error: payments is not iterable","29/06/2025 03:00:03"
"Cannot fetch user payment details","29/06/2025 06:00:03"
"Database Connection Error: payments is not iterable","29/06/2025 06:00:03"
"Cannot fetch user payment details","29/06/2025 09:00:03"
"Database Connection Error: payments is not iterable","29/06/2025 09:00:03"
"Cannot fetch user payment details","29/06/2025 12:00:03"
"Database Connection Error: payments is not iterable","29/06/2025 12:00:03"
"Cannot fetch user payment details","29/06/2025 15:00:03"
"Database Connection Error: payments is not iterable","29/06/2025 15:00:03"
"Cannot fetch user payment details","29/06/2025 18:00:03"
"Database Connection Error: payments is not iterable","29/06/2025 18:00:03"
"Cannot fetch user payment details","29/06/2025 21:00:03"
"Database Connection Error: payments is not iterable","29/06/2025 21:00:03"
"Cannot fetch user payment details","30/06/2025 03:00:02"
"Database Connection Error: payments is not iterable","30/06/2025 03:00:02"
"Cannot fetch user payment details","30/06/2025 06:00:03"
"Database Connection Error: payments is not iterable","30/06/2025 06:00:03"
"Cannot fetch user payment details","30/06/2025 09:00:03"
"Database Connection Error: payments is not iterable","30/06/2025 09:00:03"
"Cannot fetch user payment details","30/06/2025 12:00:03"
"Database Connection Error: payments is not iterable","30/06/2025 12:00:03"
"Cannot fetch user payment details","30/06/2025 15:00:03"
"Database Connection Error: payments is not iterable","30/06/2025 15:00:03"
"Cannot fetch user payment details","30/06/2025 18:00:03"
"Database Connection Error: payments is not iterable","30/06/2025 18:00:03"
"Cannot fetch user payment details","30/06/2025 21:00:03"
"Database Connection Error: payments is not iterable","30/06/2025 21:00:03"
"Cannot fetch user payment details","01/07/2025 03:00:03"
"Database Connection Error: payments is not iterable","01/07/2025 03:00:03"
"Cannot fetch user payment details","01/07/2025 06:00:03"
"Database Connection Error: payments is not iterable","01/07/2025 06:00:03"
"Cannot fetch user payment details","01/07/2025 09:00:03"
"Database Connection Error: payments is not iterable","01/07/2025 09:00:03"
"Cannot fetch user payment details","01/07/2025 12:00:02"
"Database Connection Error: payments is not iterable","01/07/2025 12:00:02"
"Cannot fetch user payment details","01/07/2025 15:00:03"
"Database Connection Error: payments is not iterable","01/07/2025 15:00:03"
"Cannot fetch user payment details","01/07/2025 18:00:03"
"Database Connection Error: payments is not iterable","01/07/2025 18:00:03"
"Cannot fetch user payment details","01/07/2025 21:00:03"
"Database Connection Error: payments is not iterable","01/07/2025 21:00:03"
"Cannot fetch user payment details","02/07/2025 03:00:03"
"Database Connection Error: payments is not iterable","02/07/2025 03:00:03"
"Cannot fetch user payment details","02/07/2025 06:00:03"
"Database Connection Error: payments is not iterable","02/07/2025 06:00:03"
"Cannot fetch user payment details","02/07/2025 09:00:03"
"Database Connection Error: payments is not iterable","02/07/2025 09:00:03"
"Cannot fetch user payment details","02/07/2025 12:00:02"
"Database Connection Error: payments is not iterable","02/07/2025 12:00:02"
"Cannot fetch user payment details","02/07/2025 15:00:03"
"Database Connection Error: payments is not iterable","02/07/2025 15:00:03"
"Cannot fetch user payment details","02/07/2025 18:00:03"
"Database Connection Error: payments is not iterable","02/07/2025 18:00:03"
"Cannot fetch user payment details","03/07/2025 03:00:02"
"Database Connection Error: payments is not iterable","03/07/2025 03:00:02"
"Cannot fetch user payment details","03/07/2025 06:00:03"
"Database Connection Error: payments is not iterable","03/07/2025 06:00:03"
"Cannot fetch user payment details","03/07/2025 09:00:03"
"Database Connection Error: payments is not iterable","03/07/2025 09:00:03"
"Cannot fetch user payment details","03/07/2025 12:00:03"
"Database Connection Error: payments is not iterable","03/07/2025 12:00:03"
"Cannot fetch user payment details","03/07/2025 15:00:02"
"Database Connection Error: payments is not iterable","03/07/2025 15:00:02"
"Cannot fetch user payment details","03/07/2025 18:00:03"
"Database Connection Error: payments is not iterable","03/07/2025 18:00:03"
"Cannot fetch user payment details","03/07/2025 21:00:03"
"Database Connection Error: payments is not iterable","03/07/2025 21:00:03"
"Database Connection Error: Failed to connect to 124.43.16.80:1433 in 15000ms","04/07/2025 00:00:15"
"Database Connection Error: Failed to connect to 124.43.16.80:1433 in 15000ms","04/07/2025 03:00:15"
"Database Connection Error: Failed to connect to 124.43.16.80:1433 in 15000ms","04/07/2025 06:00:15"
"Database Connection Error: Failed to connect to 124.43.16.80:1433 in 15000ms","04/07/2025 09:00:15"
"Cannot fetch user payment details","04/07/2025 12:00:03"
"Database Connection Error: payments is not iterable","04/07/2025 12:00:03"
"Cannot fetch user payment details","04/07/2025 15:00:03"
"Database Connection Error: payments is not iterable","04/07/2025 15:00:03"
"Cannot fetch user payment details","04/07/2025 18:00:03"
"Database Connection Error: payments is not iterable","04/07/2025 18:00:03"
"Cannot fetch user payment details","04/07/2025 21:00:02"
"Database Connection Error: payments is not iterable","04/07/2025 21:00:02"
"Cannot fetch user payment details","05/07/2025 03:00:03"
"Database Connection Error: payments is not iterable","05/07/2025 03:00:03"
"Cannot fetch user payment details","05/07/2025 06:00:03"
"Database Connection Error: payments is not iterable","05/07/2025 06:00:03"
"Cannot fetch user payment details","05/07/2025 09:00:03"
"Database Connection Error: payments is not iterable","05/07/2025 09:00:03"
"Cannot fetch user payment details","05/07/2025 12:00:03"
"Database Connection Error: payments is not iterable","05/07/2025 12:00:03"
"Cannot fetch user payment details","05/07/2025 15:00:03"
"Database Connection Error: payments is not iterable","05/07/2025 15:00:03"
"Cannot fetch user payment details","05/07/2025 18:00:03"
"Database Connection Error: payments is not iterable","05/07/2025 18:00:03"
"Cannot fetch user payment details","05/07/2025 21:00:03"
"Database Connection Error: payments is not iterable","05/07/2025 21:00:03"
"Cannot fetch user payment details","06/07/2025 03:00:03"
"Database Connection Error: payments is not iterable","06/07/2025 03:00:03"
"Cannot fetch user payment details","06/07/2025 06:00:03"
"Database Connection Error: payments is not iterable","06/07/2025 06:00:03"
"Cannot fetch user payment details","06/07/2025 09:00:02"
"Database Connection Error: payments is not iterable","06/07/2025 09:00:02"
"Cannot fetch user payment details","06/07/2025 12:00:03"
"Database Connection Error: payments is not iterable","06/07/2025 12:00:03"
"Cannot fetch user payment details","06/07/2025 15:00:03"
"Database Connection Error: payments is not iterable","06/07/2025 15:00:03"
"Cannot fetch user payment details","06/07/2025 18:00:03"
"Database Connection Error: payments is not iterable","06/07/2025 18:00:03"
"Cannot fetch user payment details","06/07/2025 21:00:03"
"Database Connection Error: payments is not iterable","06/07/2025 21:00:03"
"Cannot fetch user payment details","07/07/2025 03:00:03"
"Database Connection Error: payments is not iterable","07/07/2025 03:00:03"
"Cannot fetch user payment details","07/07/2025 06:00:03"
"Database Connection Error: payments is not iterable","07/07/2025 06:00:03"
"Cannot fetch user payment details","07/07/2025 09:00:03"
"Database Connection Error: payments is not iterable","07/07/2025 09:00:03"
"Cannot fetch user payment details","07/07/2025 12:00:03"
"Database Connection Error: payments is not iterable","07/07/2025 12:00:03"
"Cannot fetch user payment details","07/07/2025 15:00:03"
"Database Connection Error: payments is not iterable","07/07/2025 15:00:03"
"Cannot fetch user payment details","07/07/2025 18:00:03"
"Database Connection Error: payments is not iterable","07/07/2025 18:00:03"
"Cannot fetch user payment details","07/07/2025 21:00:03"
"Database Connection Error: payments is not iterable","07/07/2025 21:00:03"
"Cannot fetch user payment details","08/07/2025 03:00:02"
"Database Connection Error: payments is not iterable","08/07/2025 03:00:02"
"Cannot fetch user payment details","08/07/2025 06:00:02"
"Database Connection Error: payments is not iterable","08/07/2025 06:00:02"
"Cannot fetch user payment details","08/07/2025 09:00:03"
"Database Connection Error: payments is not iterable","08/07/2025 09:00:03"
"Cannot fetch user payment details","08/07/2025 12:00:03"
"Database Connection Error: payments is not iterable","08/07/2025 12:00:03"
"Cannot fetch user payment details","08/07/2025 15:00:03"
"Database Connection Error: payments is not iterable","08/07/2025 15:00:03"
"Cannot fetch user payment details","08/07/2025 18:00:03"
"Database Connection Error: payments is not iterable","08/07/2025 18:00:03"
"Cannot fetch user payment details","08/07/2025 21:00:04"
"Database Connection Error: payments is not iterable","08/07/2025 21:00:04"
"Cannot fetch user payment details","09/07/2025 03:00:03"
"Database Connection Error: payments is not iterable","09/07/2025 03:00:03"
"Cannot fetch user payment details","09/07/2025 06:00:03"
"Database Connection Error: payments is not iterable","09/07/2025 06:00:03"
"Cannot fetch user payment details","09/07/2025 09:00:03"
"Database Connection Error: payments is not iterable","09/07/2025 09:00:03"
"Cannot fetch user payment details","09/07/2025 12:00:02"
"Database Connection Error: payments is not iterable","09/07/2025 12:00:02"
"Cannot fetch user payment details","09/07/2025 15:00:03"
"Database Connection Error: payments is not iterable","09/07/2025 15:00:03"
"Cannot fetch user payment details","09/07/2025 18:00:03"
"Database Connection Error: payments is not iterable","09/07/2025 18:00:03"
"Cannot fetch user payment details","09/07/2025 21:00:03"
"Database Connection Error: payments is not iterable","09/07/2025 21:00:03"
"Cannot fetch user payment details","10/07/2025 03:00:03"
"Database Connection Error: payments is not iterable","10/07/2025 03:00:03"
"Cannot fetch user payment details","10/07/2025 06:00:03"
"Database Connection Error: payments is not iterable","10/07/2025 06:00:03"
"Cannot fetch user payment details","10/07/2025 09:00:03"
"Database Connection Error: payments is not iterable","10/07/2025 09:00:03"
"Cannot fetch user payment details","10/07/2025 12:00:03"
"Database Connection Error: payments is not iterable","10/07/2025 12:00:03"
"Cannot fetch user payment details","10/07/2025 15:00:02"
"Database Connection Error: payments is not iterable","10/07/2025 15:00:02"
"Cannot fetch user payment details","10/07/2025 18:00:03"
"Database Connection Error: payments is not iterable","10/07/2025 18:00:03"
"Cannot fetch user payment details","10/07/2025 21:00:03"
"Database Connection Error: payments is not iterable","10/07/2025 21:00:03"
"Cannot fetch user payment details","11/07/2025 03:00:03"
"Database Connection Error: payments is not iterable","11/07/2025 03:00:03"
"Cannot fetch user payment details","11/07/2025 06:00:03"
"Database Connection Error: payments is not iterable","11/07/2025 06:00:03"
"Cannot fetch user payment details","11/07/2025 09:00:03"
"Database Connection Error: payments is not iterable","11/07/2025 09:00:03"
"Cannot fetch user payment details","11/07/2025 12:00:03"
"Database Connection Error: payments is not iterable","11/07/2025 12:00:03"
"Cannot fetch user payment details","11/07/2025 15:00:03"
"Database Connection Error: payments is not iterable","11/07/2025 15:00:03"
"Cannot fetch user payment details","11/07/2025 18:00:04"
"Database Connection Error: payments is not iterable","11/07/2025 18:00:04"
